method,wrr,wcr,ser,time
deepspeech,0.537037037037037,0.5648148148148148,1.0,5.131701684199652
google,0.9351851851851852,0.9351851851851852,0.4,1.191307808700003
wit,0.8425925925925926,0.8518518518518519,0.8,4.787406614699648
sphinx,0.5092592592592593,0.6111111111111112,1.0,3.7556760365998345
houndify,0.8888888888888888,0.8981481481481481,0.4,5.496874164900146
