method,wrr,wcr,ser,time
deepspeech,0.537037037037037,0.5648148148148148,1.0,4.143894040666358
google,0.9351851851851852,0.9351851851851852,0.4,1.0174005345840367
wit,0.8425925925925926,0.8518518518518519,0.8,3.9409854747503537
sphinx,0.5092592592592593,0.6111111111111112,1.0,2.9791360232505517
houndify,0.8888888888888888,0.8981481481481481,0.4,3.922280582500207
