method,wer,wrr,ser
google,0.017543859649122806,0.9824561403508771,0.16666666666666666
sphinx,0.42105263157894735,0.6842105263157895,1.0
deepspeech,0.42105263157894735,0.5789473684210527,1.0
