method,wrr,wcr,ser
google,0.9351851851851852,0.9351851851851852,0.4
sphinx,0.5092592592592593,0.6111111111111112,1.0
deepspeech,0.537037037037037,0.5648148148148148,1.0
